sIP,dIP,sPort,dPort,protocol,packets,bytes,flags,sTime,duration,eTime,sensor,in,out,nhIP,initialFlags,sessionFlags,attributes,application,class,type,sTime+msec,eTime+msec,dur+msec,iType,iCode,scc,dcc
8.8.8.8,192.168.1.11,0,0,1,4,336,,2015/10/22T03:37:36.712,3.003,2015/10/22T03:37:39.715,S0,0,0,0.0.0.0,,,S,0,all,in,2015/10/22T03:37:36.712,2015/10/22T03:37:39.715,3.003,0,0,us,--
192.168.1.11,8.8.8.8,0,2048,1,4,336,,2015/10/22T03:37:36.695,3.007,2015/10/22T03:37:39.702,S0,0,0,0.0.0.0,,,S,0,all,out,2015/10/22T03:37:36.695,2015/10/22T03:37:39.702,3.007,8,0,--,us
192.168.1.3,224.0.0.252,49596,5355,17,2,114,,2015/10/22T03:38:00.256,0.002,2015/10/22T03:38:00.258,S0,0,0,0.0.0.0,,,S,53,all,out,2015/10/22T03:38:00.256,2015/10/22T03:38:00.258,0.002,,,--,--
192.168.1.8,224.0.0.251,5353,5353,17,41,14087,,2015/10/22T03:37:59.854,18.631,2015/10/22T03:38:18.485,S0,0,0,0.0.0.0,,,,0,all,out,2015/10/22T03:37:59.854,2015/10/22T03:38:18.485,18.631,,,--,--
192.168.1.3,224.0.0.252,49577,5355,17,2,114,,2015/10/22T03:39:00.162,0.102,2015/10/22T03:39:00.264,S0,0,0,0.0.0.0,,,S,53,all,out,2015/10/22T03:39:00.162,2015/10/22T03:39:00.264,0.102,,,--,--
192.168.1.3,224.0.0.252,50736,5355,17,2,114,,2015/10/22T03:40:00.171,0.102,2015/10/22T03:40:00.273,S0,0,0,0.0.0.0,,,S,53,all,out,2015/10/22T03:40:00.171,2015/10/22T03:40:00.273,0.102,,,--,--
192.168.1.2,224.0.0.251,5353,5353,17,1,121,,2015/10/22T03:40:19.116,0.000,2015/10/22T03:40:19.116,S0,0,0,0.0.0.0,,,,0,all,out,2015/10/22T03:40:19.116,2015/10/22T03:40:19.116,0.000,,,--,--
192.168.1.10,239.255.255.250,50887,1900,17,2,453,,2015/10/22T03:40:34.375,0.003,2015/10/22T03:40:34.378,S0,0,0,0.0.0.0,,,,80,all,out,2015/10/22T03:40:34.375,2015/10/22T03:40:34.378,0.003,,,--,--
192.168.1.3,224.0.0.252,59768,5355,17,2,114,,2015/10/22T03:41:00.383,0.104,2015/10/22T03:41:00.487,S0,0,0,0.0.0.0,,,S,53,all,out,2015/10/22T03:41:00.383,2015/10/22T03:41:00.487,0.104,,,--,--
192.168.1.7,224.0.0.251,5353,5353,17,3,541,,2015/10/22T03:37:46.841,199.996,2015/10/22T03:41:06.837,S0,0,0,0.0.0.0,,,,0,all,out,2015/10/22T03:37:46.841,2015/10/22T03:41:06.837,199.996,,,--,--
192.168.1.4,224.0.0.251,5353,5353,17,2,241,,2015/10/22T03:40:03.037,80.697,2015/10/22T03:41:23.734,S0,0,0,0.0.0.0,,,,0,all,out,2015/10/22T03:40:03.037,2015/10/22T03:41:23.734,80.697,,,--,--
192.168.1.1,224.0.0.1,0,0,2,3,108,,2015/10/22T03:37:37.828,249.970,2015/10/22T03:41:47.798,S0,0,0,0.0.0.0,,,S,0,all,out,2015/10/22T03:37:37.828,2015/10/22T03:41:47.798,249.970,,,--,--
192.168.1.1,224.0.0.22,0,0,2,3,120,,2015/10/22T03:37:38.135,255.296,2015/10/22T03:41:53.431,S0,0,0,0.0.0.0,,,S,0,all,out,2015/10/22T03:37:38.135,2015/10/22T03:41:53.431,255.296,,,--,--
192.168.1.7,224.0.1.60,0,0,2,3,96,,2015/10/22T03:37:44.278,249.458,2015/10/22T03:41:53.736,S0,0,0,0.0.0.0,,,S,0,all,out,2015/10/22T03:37:44.278,2015/10/22T03:41:53.736,249.458,,,--,--
192.168.1.3,224.0.0.252,55349,5355,17,1,57,,2015/10/22T03:42:00.292,0.000,2015/10/22T03:42:00.292,S0,0,0,0.0.0.0,,,,53,all,out,2015/10/22T03:42:00.292,2015/10/22T03:42:00.292,0.000,,,--,--
192.168.1.9,224.0.0.2,0,0,2,1,32,,2015/10/22T03:42:36.234,0.000,2015/10/22T03:42:36.234,S0,0,0,0.0.0.0,,,,0,all,out,2015/10/22T03:42:36.234,2015/10/22T03:42:36.234,0.000,,,--,--
192.168.1.9,224.0.0.251,0,0,2,1,32,,2015/10/22T03:42:36.236,0.000,2015/10/22T03:42:36.236,S0,0,0,0.0.0.0,,,,0,all,out,2015/10/22T03:42:36.236,2015/10/22T03:42:36.236,0.000,,,--,--
192.168.1.3,224.0.0.252,62614,5355,17,1,57,,2015/10/22T03:43:00.299,0.000,2015/10/22T03:43:00.299,S0,0,0,0.0.0.0,,,,53,all,out,2015/10/22T03:43:00.299,2015/10/22T03:43:00.299,0.000,,,--,--
192.168.1.154,224.0.0.251,5353,5353,17,1,123,,2015/10/22T03:43:45.355,0.000,2015/10/22T03:43:45.355,S0,0,0,0.0.0.0,,,,0,all,out,2015/10/22T03:43:45.355,2015/10/22T03:43:45.355,0.000,,,--,--
192.168.1.3,224.0.0.252,52955,5355,17,1,57,,2015/10/22T03:44:00.203,0.000,2015/10/22T03:44:00.203,S0,0,0,0.0.0.0,,,,53,all,out,2015/10/22T03:44:00.203,2015/10/22T03:44:00.203,0.000,,,--,--
192.168.1.3,224.0.0.252,52599,5355,17,1,57,,2015/10/22T03:45:00.211,0.000,2015/10/22T03:45:00.211,S0,0,0,0.0.0.0,,,,53,all,out,2015/10/22T03:45:00.211,2015/10/22T03:45:00.211,0.000,,,--,--
192.168.1.3,224.0.0.252,58186,5355,17,2,114,,2015/10/22T03:46:00.220,0.102,2015/10/22T03:46:00.322,S0,0,0,0.0.0.0,,,S,53,all,out,2015/10/22T03:46:00.220,2015/10/22T03:46:00.322,0.102,,,--,--
192.168.1.3,224.0.0.252,53657,5355,17,2,114,,2015/10/22T03:47:00.126,0.102,2015/10/22T03:47:00.228,S0,0,0,0.0.0.0,,,S,53,all,out,2015/10/22T03:47:00.126,2015/10/22T03:47:00.228,0.102,,,--,--
192.168.1.3,224.0.0.252,56279,5355,17,2,114,,2015/10/22T03:48:00.134,0.103,2015/10/22T03:48:00.237,S0,0,0,0.0.0.0,,,S,53,all,out,2015/10/22T03:48:00.134,2015/10/22T03:48:00.237,0.103,,,--,--
192.168.1.8,224.0.0.251,5353,5353,17,48,14761,,2015/10/22T03:47:53.274,18.544,2015/10/22T03:48:11.818,S0,0,0,0.0.0.0,,,,53,all,out,2015/10/22T03:47:53.274,2015/10/22T03:48:11.818,18.544,,,--,--
192.168.1.3,224.0.0.252,63057,5355,17,2,114,,2015/10/22T03:49:00.143,0.103,2015/10/22T03:49:00.246,S0,0,0,0.0.0.0,,,S,53,all,out,2015/10/22T03:49:00.143,2015/10/22T03:49:00.246,0.103,,,--,--
192.168.1.3,224.0.0.252,62670,5355,17,2,114,,2015/10/22T03:50:00.152,0.102,2015/10/22T03:50:00.254,S0,0,0,0.0.0.0,,,S,53,all,out,2015/10/22T03:50:00.152,2015/10/22T03:50:00.254,0.102,,,--,--
192.168.1.4,224.0.0.251,5353,5353,17,3,396,,2015/10/22T03:47:29.517,153.912,2015/10/22T03:50:03.429,S0,0,0,0.0.0.0,,,S,0,all,out,2015/10/22T03:47:29.517,2015/10/22T03:50:03.429,153.912,,,--,--
192.168.1.9,224.0.0.2,0,0,2,1,32,,2015/10/22T03:50:53.094,0.000,2015/10/22T03:50:53.094,S0,0,0,0.0.0.0,,,,0,all,out,2015/10/22T03:50:53.094,2015/10/22T03:50:53.094,0.000,,,--,--
192.168.1.9,224.0.0.251,0,0,2,1,32,,2015/10/22T03:50:53.096,0.000,2015/10/22T03:50:53.096,S0,0,0,0.0.0.0,,,,0,all,out,2015/10/22T03:50:53.096,2015/10/22T03:50:53.096,0.000,,,--,--
192.168.1.3,224.0.0.252,65444,5355,17,2,114,,2015/10/22T03:51:00.160,0.103,2015/10/22T03:51:00.263,S0,0,0,0.0.0.0,,,S,53,all,out,2015/10/22T03:51:00.160,2015/10/22T03:51:00.263,0.103,,,--,--
192.168.1.3,224.0.0.252,62912,5355,17,2,114,,2015/10/22T03:52:00.169,0.102,2015/10/22T03:52:00.271,S0,0,0,0.0.0.0,,,S,53,all,out,2015/10/22T03:52:00.169,2015/10/22T03:52:00.271,0.102,,,--,--
192.168.1.1,224.0.0.1,0,0,2,2,72,,2015/10/22T03:50:07.832,125.035,2015/10/22T03:52:12.867,S0,0,0,0.0.0.0,,,S,0,all,out,2015/10/22T03:50:07.832,2015/10/22T03:52:12.867,125.035,,,--,--
192.168.1.3,224.0.0.252,62029,5355,17,2,114,,2015/10/22T03:53:00.178,0.102,2015/10/22T03:53:00.280,S0,0,0,0.0.0.0,,,S,53,all,out,2015/10/22T03:53:00.178,2015/10/22T03:53:00.280,0.102,,,--,--
192.168.1.3,224.0.0.252,50332,5355,17,2,114,,2015/10/22T03:54:00.186,0.103,2015/10/22T03:54:00.289,S0,0,0,0.0.0.0,,,S,53,all,out,2015/10/22T03:54:00.186,2015/10/22T03:54:00.289,0.103,,,--,--
192.168.1.3,239.255.255.250,49152,3702,17,2,1606,,2015/10/22T03:54:46.479,0.204,2015/10/22T03:54:46.683,S0,0,0,0.0.0.0,,,S,0,all,out,2015/10/22T03:54:46.479,2015/10/22T03:54:46.683,0.204,,,--,--
192.168.1.8,224.0.0.251,5353,5353,17,42,11823,,2015/10/22T03:57:47.113,18.639,2015/10/22T03:58:05.752,S0,0,0,0.0.0.0,,,,53,all,out,2015/10/22T03:57:47.113,2015/10/22T03:58:05.752,18.639,,,--,--
192.168.1.100,255.255.255.255,41147,63146,17,2,324,,2015/10/22T03:59:23.169,0.002,2015/10/22T03:59:23.171,S0,0,0,0.0.0.0,,,S,0,all,out,2015/10/22T03:59:23.169,2015/10/22T03:59:23.171,0.002,,,--,--
192.168.1.100,239.255.255.250,1900,1900,17,517,192954,,2015/10/22T03:37:20.012,1770.982,2015/10/22T04:06:50.994,S0,0,0,0.0.0.0,,,T,80,all,out,2015/10/22T03:37:20.012,2015/10/22T04:06:50.994,1770.982,,,--,--
192.168.1.5,224.0.0.251,5353,5353,17,25,2461,,2015/10/22T03:37:46.737,1670.000,2015/10/22T04:05:36.737,S0,0,0,0.0.0.0,,,T,0,all,out,2015/10/22T03:37:46.737,2015/10/22T04:05:36.737,1670.000,,,--,--
192.168.1.7,239.255.255.250,0,0,2,13,416,,2015/10/22T03:37:47.046,1749.156,2015/10/22T04:06:56.202,S0,0,0,0.0.0.0,,,TS,0,all,out,2015/10/22T03:37:47.046,2015/10/22T04:06:56.202,1749.156,,,--,--
192.168.1.10,224.0.0.22,0,0,2,12,480,,2015/10/22T03:37:42.743,1753.561,2015/10/22T04:06:56.304,S0,0,0,0.0.0.0,,,TS,0,all,out,2015/10/22T03:37:42.743,2015/10/22T04:06:56.304,1753.561,,,--,--
192.168.1.7,224.0.0.251,5353,5353,17,26,6145,,2015/10/22T03:47:06.783,1680.036,2015/10/22T04:15:06.819,S0,0,0,0.0.0.0,,,T,0,all,out,2015/10/22T03:47:06.783,2015/10/22T04:15:06.819,1680.036,,,--,--
192.168.1.1,224.0.0.22,0,0,2,14,560,,2015/10/22T03:48:09.453,1749.159,2015/10/22T04:17:18.612,S0,0,0,0.0.0.0,,,TS,0,all,out,2015/10/22T03:48:09.453,2015/10/22T04:17:18.612,1749.159,,,--,--
192.168.1.7,224.0.1.60,0,0,2,13,416,,2015/10/22T03:50:08.549,1630.677,2015/10/22T04:17:19.226,S0,0,0,0.0.0.0,,,S,0,all,out,2015/10/22T03:50:08.549,2015/10/22T04:17:19.226,1630.677,,,--,--
192.168.1.1,224.0.0.1,0,0,2,13,468,,2015/10/22T03:58:27.869,1749.980,2015/10/22T04:27:37.849,S0,0,0,0.0.0.0,,,TS,0,all,out,2015/10/22T03:58:27.869,2015/10/22T04:27:37.849,1749.980,,,--,--
209.102.213.14,192.168.1.11,80,51219,6,3,623,FSPA,2015/10/22T03:42:41.125,0.146,2015/10/22T03:42:41.271,S0,0,0,0.0.0.0,SA,FPA,,80,all,inweb,2015/10/22T03:42:41.125,2015/10/22T03:42:41.271,0.146,,,us,--
91.189.91.15,192.168.1.11,80,43923,6,1048,2663492,FSPA,2015/10/22T03:45:30.734,4.877,2015/10/22T03:45:35.611,S0,0,0,0.0.0.0,SA,FPA,,80,all,inweb,2015/10/22T03:45:30.734,2015/10/22T03:45:35.611,4.877,,,us,--
91.189.91.15,192.168.1.11,80,43924,6,44,14397,FSPA,2015/10/22T03:45:35.593,1.949,2015/10/22T03:45:37.542,S0,0,0,0.0.0.0,SA,FPA,,80,all,inweb,2015/10/22T03:45:35.593,2015/10/22T03:45:37.542,1.949,,,us,--
91.189.88.149,192.168.1.11,80,41355,6,437,1186674,FSPA,2015/10/22T03:45:30.733,6.871,2015/10/22T03:45:37.604,S0,0,0,0.0.0.0,SA,FPA,,80,all,inweb,2015/10/22T03:45:30.733,2015/10/22T03:45:37.604,6.871,,,gb,--
91.189.91.14,192.168.1.11,80,48573,6,424,1105911,FSPA,2015/10/22T03:45:39.912,2.029,2015/10/22T03:45:41.941,S0,0,0,0.0.0.0,SA,FPA,,80,all,inweb,2015/10/22T03:45:39.912,2015/10/22T03:45:41.941,2.029,,,us,--
91.189.91.23,192.168.1.11,80,52230,6,43,123276,FSPA,2015/10/22T03:45:44.310,0.120,2015/10/22T03:45:44.430,S0,0,0,0.0.0.0,SA,FPA,,80,all,inweb,2015/10/22T03:45:44.310,2015/10/22T03:45:44.430,0.120,,,us,--
91.189.91.13,192.168.1.11,80,51816,6,1247,3413117,FSPA,2015/10/22T03:45:45.455,4.228,2015/10/22T03:45:49.683,S0,0,0,0.0.0.0,SA,FPA,,80,all,inweb,2015/10/22T03:45:45.455,2015/10/22T03:45:49.683,4.228,,,us,--
91.189.91.13,192.168.1.11,80,51817,6,5752,14931203,FSPA,2015/10/22T03:45:52.072,26.562,2015/10/22T03:46:18.634,S0,0,0,0.0.0.0,SA,FPA,,80,all,inweb,2015/10/22T03:45:52.072,2015/10/22T03:46:18.634,26.562,,,us,--
192.30.252.129,192.168.1.11,443,33102,6,4741,12466385,SPA,2015/10/22T03:46:21.754,1.970,2015/10/22T03:46:23.724,S0,0,0,0.0.0.0,SA,PA,,443,all,inweb,2015/10/22T03:46:21.754,2015/10/22T03:46:23.724,1.970,,,us,--
192.30.252.129,192.168.1.11,443,33102,6,1,52,FA,2015/10/22T03:46:23.724,0.000,2015/10/22T03:46:23.724,S0,0,0,0.0.0.0,FA,,,0,all,inweb,2015/10/22T03:46:23.724,2015/10/22T03:46:23.724,0.000,,,us,--
192.30.252.129,192.168.1.11,443,33102,6,1,52,A,2015/10/22T03:46:23.725,0.000,2015/10/22T03:46:23.725,S0,0,0,0.0.0.0,A,,,0,all,inweb,2015/10/22T03:46:23.725,2015/10/22T03:46:23.725,0.000,,,us,--
192.30.252.129,192.168.1.11,443,33101,6,14,5526,SPA,2015/10/22T03:46:21.560,2.165,2015/10/22T03:46:23.725,S0,0,0,0.0.0.0,SA,PA,,443,all,inweb,2015/10/22T03:46:21.560,2015/10/22T03:46:23.725,2.165,,,us,--
192.30.252.129,192.168.1.11,443,33101,6,1,52,FA,2015/10/22T03:46:23.725,0.000,2015/10/22T03:46:23.725,S0,0,0,0.0.0.0,FA,,,0,all,inweb,2015/10/22T03:46:23.725,2015/10/22T03:46:23.725,0.000,,,us,--
192.241.233.42,192.168.1.11,443,53121,6,8,8849,FSPA,2015/10/22T03:46:23.932,0.479,2015/10/22T03:46:24.411,S0,0,0,0.0.0.0,SA,FPA,,443,all,inweb,2015/10/22T03:46:23.932,2015/10/22T03:46:24.411,0.479,,,us,--
91.189.91.24,192.168.1.11,80,58763,6,1157,2683698,FSPA,2015/10/22T03:46:24.319,6.147,2015/10/22T03:46:30.466,S0,0,0,0.0.0.0,SA,FPA,,80,all,inweb,2015/10/22T03:46:24.319,2015/10/22T03:46:30.466,6.147,,,us,--
91.189.92.201,192.168.1.11,80,46370,6,20,4641,FSPA,2015/10/22T03:46:24.310,6.221,2015/10/22T03:46:30.531,S0,0,0,0.0.0.0,SA,FPA,,80,all,inweb,2015/10/22T03:46:24.310,2015/10/22T03:46:30.531,6.221,,,gb,--
192.241.233.42,192.168.1.11,443,53124,6,8,7231,FSPA,2015/10/22T03:46:32.423,0.445,2015/10/22T03:46:32.868,S0,0,0,0.0.0.0,SA,FPA,,443,all,inweb,2015/10/22T03:46:32.423,2015/10/22T03:46:32.868,0.445,,,us,--
192.241.233.42,192.168.1.11,443,53125,6,7,7318,FSPA,2015/10/22T03:46:32.796,0.408,2015/10/22T03:46:33.204,S0,0,0,0.0.0.0,SA,FPA,,443,all,inweb,2015/10/22T03:46:32.796,2015/10/22T03:46:33.204,0.408,,,us,--
91.189.91.15,192.168.1.11,80,43937,6,58,13251,FSPA,2015/10/22T03:46:33.185,1.532,2015/10/22T03:46:34.717,S0,0,0,0.0.0.0,SA,FPA,,80,all,inweb,2015/10/22T03:46:33.185,2015/10/22T03:46:34.717,1.532,,,us,--
91.189.91.15,192.168.1.11,80,43939,6,26,10122,FSPA,2015/10/22T03:46:34.692,1.563,2015/10/22T03:46:36.255,S0,0,0,0.0.0.0,SA,FPA,,80,all,inweb,2015/10/22T03:46:34.692,2015/10/22T03:46:36.255,1.563,,,us,--
91.189.91.14,192.168.1.11,80,48584,6,20,4913,FSPA,2015/10/22T03:46:33.171,3.085,2015/10/22T03:46:36.256,S0,0,0,0.0.0.0,SA,FPA,,80,all,inweb,2015/10/22T03:46:33.171,2015/10/22T03:46:36.256,3.085,,,us,--
192.241.233.42,192.168.1.11,443,53128,6,30,17594,FSPA,2015/10/22T03:46:33.214,3.097,2015/10/22T03:46:36.311,S0,0,0,0.0.0.0,SA,FPA,,443,all,inweb,2015/10/22T03:46:33.214,2015/10/22T03:46:36.311,3.097,,,us,--
91.189.91.23,192.168.1.11,80,52244,6,31,75291,FSPA,2015/10/22T03:46:38.644,2.184,2015/10/22T03:46:40.828,S0,0,0,0.0.0.0,SA,FPA,,80,all,inweb,2015/10/22T03:46:38.644,2015/10/22T03:46:40.828,2.184,,,us,--
192.241.233.42,192.168.1.11,443,53131,6,1447,4162635,FSPA,2015/10/22T03:46:38.653,2.237,2015/10/22T03:46:40.890,S0,0,0,0.0.0.0,SA,FPA,,443,all,inweb,2015/10/22T03:46:38.653,2015/10/22T03:46:40.890,2.237,,,us,--
54.83.1.203,192.168.1.11,443,59091,6,11,12467,FSPA,2015/10/22T03:46:42.733,0.159,2015/10/22T03:46:42.892,S0,0,0,0.0.0.0,SA,FPA,,443,all,inweb,2015/10/22T03:46:42.733,2015/10/22T03:46:42.892,0.159,,,us,--
204.246.169.97,192.168.1.11,443,50612,6,52729,147482189,FSPA,2015/10/22T03:46:43.154,20.255,2015/10/22T03:47:03.409,S0,0,0,0.0.0.0,SA,FPA,,443,all,inweb,2015/10/22T03:46:43.154,2015/10/22T03:47:03.409,20.255,,,us,--
23.235.46.162,192.168.1.11,443,57930,6,14,30941,SPA,2015/10/22T03:47:03.732,0.063,2015/10/22T03:47:03.795,S0,0,0,0.0.0.0,SA,PA,,443,all,inweb,2015/10/22T03:47:03.732,2015/10/22T03:47:03.795,0.063,,,us,--
23.235.46.162,192.168.1.11,443,57930,6,1,52,FA,2015/10/22T03:47:03.795,0.000,2015/10/22T03:47:03.795,S0,0,0,0.0.0.0,FA,,,0,all,inweb,2015/10/22T03:47:03.795,2015/10/22T03:47:03.795,0.000,,,us,--
192.30.252.129,192.168.1.11,443,33117,6,8,6036,SPA,2015/10/22T03:47:03.752,0.087,2015/10/22T03:47:03.839,S0,0,0,0.0.0.0,SA,PA,,443,all,inweb,2015/10/22T03:47:03.752,2015/10/22T03:47:03.839,0.087,,,us,--
192.30.252.129,192.168.1.11,443,33117,6,1,52,FA,2015/10/22T03:47:03.839,0.000,2015/10/22T03:47:03.839,S0,0,0,0.0.0.0,FA,,,0,all,inweb,2015/10/22T03:47:03.839,2015/10/22T03:47:03.839,0.000,,,us,--
23.235.46.162,192.168.1.11,443,57933,6,17,40935,SPA,2015/10/22T03:47:03.766,0.086,2015/10/22T03:47:03.852,S0,0,0,0.0.0.0,SA,PA,,443,all,inweb,2015/10/22T03:47:03.766,2015/10/22T03:47:03.852,0.086,,,us,--
23.235.46.162,192.168.1.11,443,57933,6,1,52,FA,2015/10/22T03:47:03.852,0.000,2015/10/22T03:47:03.852,S0,0,0,0.0.0.0,FA,,,0,all,inweb,2015/10/22T03:47:03.852,2015/10/22T03:47:03.852,0.000,,,us,--
23.235.46.162,192.168.1.11,443,57935,6,14,23571,SPA,2015/10/22T03:47:03.780,0.085,2015/10/22T03:47:03.865,S0,0,0,0.0.0.0,SA,PA,,443,all,inweb,2015/10/22T03:47:03.780,2015/10/22T03:47:03.865,0.085,,,us,--
23.235.46.162,192.168.1.11,443,57935,6,1,52,FA,2015/10/22T03:47:03.866,0.000,2015/10/22T03:47:03.866,S0,0,0,0.0.0.0,FA,,,0,all,inweb,2015/10/22T03:47:03.866,2015/10/22T03:47:03.866,0.000,,,us,--
23.235.46.162,192.168.1.11,443,57934,6,28,48612,SPA,2015/10/22T03:47:03.771,0.095,2015/10/22T03:47:03.866,S0,0,0,0.0.0.0,SA,PA,,443,all,inweb,2015/10/22T03:47:03.771,2015/10/22T03:47:03.866,0.095,,,us,--
23.235.46.162,192.168.1.11,443,57934,6,1,52,FA,2015/10/22T03:47:03.867,0.000,2015/10/22T03:47:03.867,S0,0,0,0.0.0.0,FA,,,0,all,inweb,2015/10/22T03:47:03.867,2015/10/22T03:47:03.867,0.000,,,us,--
23.235.46.162,192.168.1.11,443,57936,6,6,8020,SPA,2015/10/22T03:47:03.825,0.082,2015/10/22T03:47:03.907,S0,0,0,0.0.0.0,SA,PA,,443,all,inweb,2015/10/22T03:47:03.825,2015/10/22T03:47:03.907,0.082,,,us,--
23.235.46.162,192.168.1.11,443,57936,6,1,52,FA,2015/10/22T03:47:03.907,0.000,2015/10/22T03:47:03.907,S0,0,0,0.0.0.0,FA,,,0,all,inweb,2015/10/22T03:47:03.907,2015/10/22T03:47:03.907,0.000,,,us,--
23.235.46.162,192.168.1.11,443,57932,6,114,276252,SPA,2015/10/22T03:47:03.756,0.163,2015/10/22T03:47:03.919,S0,0,0,0.0.0.0,SA,PA,,443,all,inweb,2015/10/22T03:47:03.756,2015/10/22T03:47:03.919,0.163,,,us,--
23.235.46.162,192.168.1.11,443,57932,6,1,52,FA,2015/10/22T03:47:03.919,0.000,2015/10/22T03:47:03.919,S0,0,0,0.0.0.0,FA,,,0,all,inweb,2015/10/22T03:47:03.919,2015/10/22T03:47:03.919,0.000,,,us,--
192.30.252.146,192.168.1.11,443,44583,6,9,7889,SPA,2015/10/22T03:47:03.857,0.094,2015/10/22T03:47:03.951,S0,0,0,0.0.0.0,SA,PA,,443,all,inweb,2015/10/22T03:47:03.857,2015/10/22T03:47:03.951,0.094,,,us,--
192.30.252.146,192.168.1.11,443,44583,6,1,52,FA,2015/10/22T03:47:03.951,0.000,2015/10/22T03:47:03.951,S0,0,0,0.0.0.0,FA,,,0,all,inweb,2015/10/22T03:47:03.951,2015/10/22T03:47:03.951,0.000,,,us,--
23.235.46.162,192.168.1.11,443,57938,6,9,14677,SPA,2015/10/22T03:47:04.098,0.084,2015/10/22T03:47:04.182,S0,0,0,0.0.0.0,SA,PA,,443,all,inweb,2015/10/22T03:47:04.098,2015/10/22T03:47:04.182,0.084,,,us,--
23.235.46.162,192.168.1.11,443,57938,6,1,52,FA,2015/10/22T03:47:04.182,0.000,2015/10/22T03:47:04.182,S0,0,0,0.0.0.0,FA,,,0,all,inweb,2015/10/22T03:47:04.182,2015/10/22T03:47:04.182,0.000,,,us,--
23.235.46.162,192.168.1.11,443,57941,6,13,19564,SPA,2015/10/22T03:47:04.132,0.055,2015/10/22T03:47:04.187,S0,0,0,0.0.0.0,SA,PA,,443,all,inweb,2015/10/22T03:47:04.132,2015/10/22T03:47:04.187,0.055,,,us,--
23.235.46.162,192.168.1.11,443,57941,6,1,52,FA,2015/10/22T03:47:04.190,0.000,2015/10/22T03:47:04.190,S0,0,0,0.0.0.0,FA,,,0,all,inweb,2015/10/22T03:47:04.190,2015/10/22T03:47:04.190,0.000,,,us,--
23.235.46.162,192.168.1.11,443,57940,6,13,25292,SPA,2015/10/22T03:47:04.119,0.073,2015/10/22T03:47:04.192,S0,0,0,0.0.0.0,SA,PA,,443,all,inweb,2015/10/22T03:47:04.119,2015/10/22T03:47:04.192,0.073,,,us,--
23.235.46.162,192.168.1.11,443,57940,6,1,52,FA,2015/10/22T03:47:04.192,0.000,2015/10/22T03:47:04.192,S0,0,0,0.0.0.0,FA,,,0,all,inweb,2015/10/22T03:47:04.192,2015/10/22T03:47:04.192,0.000,,,us,--
23.235.46.162,192.168.1.11,443,57942,6,7,11057,SPA,2015/10/22T03:47:04.135,0.059,2015/10/22T03:47:04.194,S0,0,0,0.0.0.0,SA,PA,,443,all,inweb,2015/10/22T03:47:04.135,2015/10/22T03:47:04.194,0.059,,,us,--
23.235.46.162,192.168.1.11,443,57942,6,1,52,FA,2015/10/22T03:47:04.194,0.000,2015/10/22T03:47:04.194,S0,0,0,0.0.0.0,FA,,,0,all,inweb,2015/10/22T03:47:04.194,2015/10/22T03:47:04.194,0.000,,,us,--
23.235.46.162,192.168.1.11,443,57939,6,14,25588,SPA,2015/10/22T03:47:04.106,0.091,2015/10/22T03:47:04.197,S0,0,0,0.0.0.0,SA,PA,,443,all,inweb,2015/10/22T03:47:04.106,2015/10/22T03:47:04.197,0.091,,,us,--
23.235.46.162,192.168.1.11,443,57939,6,1,52,FA,2015/10/22T03:47:04.198,0.000,2015/10/22T03:47:04.198,S0,0,0,0.0.0.0,FA,,,0,all,inweb,2015/10/22T03:47:04.198,2015/10/22T03:47:04.198,0.000,,,us,--
23.235.46.162,192.168.1.11,443,57944,6,7,6035,SPA,2015/10/22T03:47:04.261,0.060,2015/10/22T03:47:04.321,S0,0,0,0.0.0.0,SA,PA,,443,all,inweb,2015/10/22T03:47:04.261,2015/10/22T03:47:04.321,0.060,,,us,--
23.235.46.162,192.168.1.11,443,57944,6,1,52,FA,2015/10/22T03:47:04.321,0.000,2015/10/22T03:47:04.321,S0,0,0,0.0.0.0,FA,,,0,all,inweb,2015/10/22T03:47:04.321,2015/10/22T03:47:04.321,0.000,,,us,--
23.235.46.162,192.168.1.11,443,57945,6,5,6024,SPA,2015/10/22T03:47:04.272,0.059,2015/10/22T03:47:04.331,S0,0,0,0.0.0.0,SA,PA,,443,all,inweb,2015/10/22T03:47:04.272,2015/10/22T03:47:04.331,0.059,,,us,--
23.235.46.162,192.168.1.11,443,57945,6,1,52,FA,2015/10/22T03:47:04.331,0.000,2015/10/22T03:47:04.331,S0,0,0,0.0.0.0,FA,,,0,all,inweb,2015/10/22T03:47:04.331,2015/10/22T03:47:04.331,0.000,,,us,--
23.235.46.162,192.168.1.11,443,57946,6,8,6001,SPA,2015/10/22T03:47:04.279,0.054,2015/10/22T03:47:04.333,S0,0,0,0.0.0.0,SA,PA,,443,all,inweb,2015/10/22T03:47:04.279,2015/10/22T03:47:04.333,0.054,,,us,--
23.235.46.162,192.168.1.11,443,57946,6,1,52,FA,2015/10/22T03:47:04.333,0.000,2015/10/22T03:47:04.333,S0,0,0,0.0.0.0,FA,,,0,all,inweb,2015/10/22T03:47:04.333,2015/10/22T03:47:04.333,0.000,,,us,--
23.235.46.162,192.168.1.11,443,57943,6,21,42007,SPA,2015/10/22T03:47:04.250,0.091,2015/10/22T03:47:04.341,S0,0,0,0.0.0.0,SA,PA,,443,all,inweb,2015/10/22T03:47:04.250,2015/10/22T03:47:04.341,0.091,,,us,--
23.235.46.162,192.168.1.11,443,57943,6,1,52,FA,2015/10/22T03:47:04.341,0.000,2015/10/22T03:47:04.341,S0,0,0,0.0.0.0,FA,,,0,all,inweb,2015/10/22T03:47:04.341,2015/10/22T03:47:04.341,0.000,,,us,--
23.235.46.162,192.168.1.11,443,57947,6,8,7112,SPA,2015/10/22T03:47:04.284,0.057,2015/10/22T03:47:04.341,S0,0,0,0.0.0.0,SA,PA,,443,all,inweb,2015/10/22T03:47:04.284,2015/10/22T03:47:04.341,0.057,,,us,--
23.235.46.162,192.168.1.11,443,57947,6,1,52,FA,2015/10/22T03:47:04.341,0.000,2015/10/22T03:47:04.341,S0,0,0,0.0.0.0,FA,,,0,all,inweb,2015/10/22T03:47:04.341,2015/10/22T03:47:04.341,0.000,,,us,--
23.235.46.162,192.168.1.11,443,57948,6,10,15351,SPA,2015/10/22T03:47:04.403,0.064,2015/10/22T03:47:04.467,S0,0,0,0.0.0.0,SA,PA,,443,all,inweb,2015/10/22T03:47:04.403,2015/10/22T03:47:04.467,0.064,,,us,--
23.235.46.162,192.168.1.11,443,57948,6,1,52,FA,2015/10/22T03:47:04.467,0.000,2015/10/22T03:47:04.467,S0,0,0,0.0.0.0,FA,,,0,all,inweb,2015/10/22T03:47:04.467,2015/10/22T03:47:04.467,0.000,,,us,--
23.235.46.162,192.168.1.11,443,57949,6,12,16204,SPA,2015/10/22T03:47:04.408,0.076,2015/10/22T03:47:04.484,S0,0,0,0.0.0.0,SA,PA,,443,all,inweb,2015/10/22T03:47:04.408,2015/10/22T03:47:04.484,0.076,,,us,--
23.235.46.162,192.168.1.11,443,57949,6,1,52,FA,2015/10/22T03:47:04.485,0.000,2015/10/22T03:47:04.485,S0,0,0,0.0.0.0,FA,,,0,all,inweb,2015/10/22T03:47:04.485,2015/10/22T03:47:04.485,0.000,,,us,--
23.235.46.162,192.168.1.11,443,57950,6,7,5760,SPA,2015/10/22T03:47:04.494,0.051,2015/10/22T03:47:04.545,S0,0,0,0.0.0.0,SA,PA,,443,all,inweb,2015/10/22T03:47:04.494,2015/10/22T03:47:04.545,0.051,,,us,--
23.235.46.162,192.168.1.11,443,57950,6,1,52,FA,2015/10/22T03:47:04.545,0.000,2015/10/22T03:47:04.545,S0,0,0,0.0.0.0,FA,,,0,all,inweb,2015/10/22T03:47:04.545,2015/10/22T03:47:04.545,0.000,,,us,--
23.235.46.162,192.168.1.11,443,57951,6,9,12369,SPA,2015/10/22T03:47:04.546,0.055,2015/10/22T03:47:04.601,S0,0,0,0.0.0.0,SA,PA,,443,all,inweb,2015/10/22T03:47:04.546,2015/10/22T03:47:04.601,0.055,,,us,--
23.235.46.162,192.168.1.11,443,57951,6,1,52,FA,2015/10/22T03:47:04.601,0.000,2015/10/22T03:47:04.601,S0,0,0,0.0.0.0,FA,,,0,all,inweb,2015/10/22T03:47:04.601,2015/10/22T03:47:04.601,0.000,,,us,--
204.246.169.97,192.168.1.11,443,50612,6,1,52,A,2015/10/22T03:47:03.409,0.000,2015/10/22T03:47:03.409,S0,0,0,0.0.0.0,A,,,0,all,inweb,2015/10/22T03:47:03.409,2015/10/22T03:47:03.409,0.000,,,us,--
192.168.1.11,209.102.213.14,51219,80,6,6,331,FSPA,2015/10/22T03:42:41.125,0.146,2015/10/22T03:42:41.271,S0,0,0,0.0.0.0,S,FPA,,80,all,outweb,2015/10/22T03:42:41.125,2015/10/22T03:42:41.271,0.146,,,--,us
192.168.1.11,91.189.91.15,43923,80,6,792,50057,FSPA,2015/10/22T03:45:30.734,4.877,2015/10/22T03:45:35.611,S0,0,0,0.0.0.0,S,FPA,,80,all,outweb,2015/10/22T03:45:30.734,2015/10/22T03:45:35.611,4.877,,,--,us
192.168.1.11,91.189.91.15,43924,80,6,46,10206,FSPA,2015/10/22T03:45:35.593,1.949,2015/10/22T03:45:37.542,S0,0,0,0.0.0.0,S,FPA,,80,all,outweb,2015/10/22T03:45:35.593,2015/10/22T03:45:37.542,1.949,,,--,us
192.168.1.11,91.189.88.149,41355,80,6,342,21685,FSPA,2015/10/22T03:45:30.733,6.871,2015/10/22T03:45:37.604,S0,0,0,0.0.0.0,S,FPA,,80,all,outweb,2015/10/22T03:45:30.733,2015/10/22T03:45:37.604,6.871,,,--,gb
192.168.1.11,91.189.91.14,48573,80,6,336,19357,FSPA,2015/10/22T03:45:39.912,2.029,2015/10/22T03:45:41.941,S0,0,0,0.0.0.0,S,FPA,,80,all,outweb,2015/10/22T03:45:39.912,2015/10/22T03:45:41.941,2.029,,,--,us
192.168.1.11,91.189.91.23,52230,80,6,45,2516,FSPA,2015/10/22T03:45:44.310,0.120,2015/10/22T03:45:44.430,S0,0,0,0.0.0.0,S,FPA,,80,all,outweb,2015/10/22T03:45:44.310,2015/10/22T03:45:44.430,0.120,,,--,us
192.168.1.11,91.189.91.13,51816,80,6,975,53320,FSPA,2015/10/22T03:45:45.455,4.228,2015/10/22T03:45:49.683,S0,0,0,0.0.0.0,S,FPA,,80,all,outweb,2015/10/22T03:45:45.455,2015/10/22T03:45:49.683,4.228,,,--,us
192.168.1.11,91.189.91.13,51817,80,6,4355,234013,FSPA,2015/10/22T03:45:52.072,26.562,2015/10/22T03:46:18.634,S0,0,0,0.0.0.0,S,FPA,,80,all,outweb,2015/10/22T03:45:52.072,2015/10/22T03:46:18.634,26.562,,,--,us
192.168.1.11,192.30.252.129,33102,443,6,3290,172571,FSRPA,2015/10/22T03:46:21.754,1.970,2015/10/22T03:46:23.724,S0,0,0,0.0.0.0,S,FRPA,,443,all,outweb,2015/10/22T03:46:21.754,2015/10/22T03:46:23.724,1.970,,,--,us
192.168.1.11,192.30.252.129,33102,443,6,1,40,R,2015/10/22T03:46:23.724,0.000,2015/10/22T03:46:23.724,S0,0,0,0.0.0.0,R,,,0,all,outweb,2015/10/22T03:46:23.724,2015/10/22T03:46:23.724,0.000,,,--,us
192.168.1.11,192.30.252.129,33102,443,6,1,40,R,2015/10/22T03:46:23.725,0.000,2015/10/22T03:46:23.725,S0,0,0,0.0.0.0,R,,,0,all,outweb,2015/10/22T03:46:23.725,2015/10/22T03:46:23.725,0.000,,,--,us
192.168.1.11,192.30.252.129,33101,443,6,13,1938,FSRPA,2015/10/22T03:46:21.560,2.165,2015/10/22T03:46:23.725,S0,0,0,0.0.0.0,S,FRPA,,443,all,outweb,2015/10/22T03:46:21.560,2015/10/22T03:46:23.725,2.165,,,--,us
192.168.1.11,192.30.252.129,33101,443,6,1,40,R,2015/10/22T03:46:23.725,0.000,2015/10/22T03:46:23.725,S0,0,0,0.0.0.0,R,,,0,all,outweb,2015/10/22T03:46:23.725,2015/10/22T03:46:23.725,0.000,,,--,us
192.168.1.11,192.241.233.42,53121,443,6,11,1153,FSPA,2015/10/22T03:46:23.932,0.479,2015/10/22T03:46:24.411,S0,0,0,0.0.0.0,S,FPA,,443,all,outweb,2015/10/22T03:46:23.932,2015/10/22T03:46:24.411,0.479,,,--,us
192.168.1.11,91.189.91.24,58763,80,6,982,69768,FSPA,2015/10/22T03:46:24.319,6.147,2015/10/22T03:46:30.466,S0,0,0,0.0.0.0,S,FPA,,80,all,outweb,2015/10/22T03:46:24.319,2015/10/22T03:46:30.466,6.147,,,--,us
192.168.1.11,91.189.92.201,46370,80,6,23,5099,FSPA,2015/10/22T03:46:24.310,6.221,2015/10/22T03:46:30.531,S0,0,0,0.0.0.0,S,FPA,,80,all,outweb,2015/10/22T03:46:24.310,2015/10/22T03:46:30.531,6.221,,,--,gb
192.168.1.11,192.241.233.42,53124,443,6,11,1178,FSPA,2015/10/22T03:46:32.423,0.445,2015/10/22T03:46:32.868,S0,0,0,0.0.0.0,S,FPA,,443,all,outweb,2015/10/22T03:46:32.423,2015/10/22T03:46:32.868,0.445,,,--,us
192.168.1.11,192.241.233.42,53125,443,6,11,1173,FSPA,2015/10/22T03:46:32.796,0.408,2015/10/22T03:46:33.204,S0,0,0,0.0.0.0,S,FPA,,443,all,outweb,2015/10/22T03:46:32.796,2015/10/22T03:46:33.204,0.408,,,--,us
192.168.1.11,91.189.91.15,43937,80,6,56,14200,FSPA,2015/10/22T03:46:33.185,1.532,2015/10/22T03:46:34.717,S0,0,0,0.0.0.0,S,FPA,,80,all,outweb,2015/10/22T03:46:33.185,2015/10/22T03:46:34.717,1.532,,,--,us
192.168.1.11,91.189.91.15,43939,80,6,29,5800,FSPA,2015/10/22T03:46:34.692,1.563,2015/10/22T03:46:36.255,S0,0,0,0.0.0.0,S,FPA,,80,all,outweb,2015/10/22T03:46:34.692,2015/10/22T03:46:36.255,1.563,,,--,us
192.168.1.11,91.189.91.14,48584,80,6,23,5099,FSPA,2015/10/22T03:46:33.171,3.085,2015/10/22T03:46:36.256,S0,0,0,0.0.0.0,S,FPA,,80,all,outweb,2015/10/22T03:46:33.171,2015/10/22T03:46:36.256,3.085,,,--,us
192.168.1.11,192.241.233.42,53128,443,6,28,7038,FSPA,2015/10/22T03:46:33.214,3.097,2015/10/22T03:46:36.311,S0,0,0,0.0.0.0,S,FPA,,443,all,outweb,2015/10/22T03:46:33.214,2015/10/22T03:46:36.311,3.097,,,--,us
192.168.1.11,91.189.91.23,52244,80,6,33,2016,FSPA,2015/10/22T03:46:38.644,2.184,2015/10/22T03:46:40.828,S0,0,0,0.0.0.0,S,FPA,,80,all,outweb,2015/10/22T03:46:38.644,2015/10/22T03:46:40.828,2.184,,,--,us
192.168.1.11,192.241.233.42,53131,443,6,1092,57808,FSPA,2015/10/22T03:46:38.653,2.237,2015/10/22T03:46:40.890,S0,0,0,0.0.0.0,S,FPA,,443,all,outweb,2015/10/22T03:46:38.653,2015/10/22T03:46:40.890,2.237,,,--,us
192.168.1.11,54.83.1.203,59091,443,6,12,1392,FSPA,2015/10/22T03:46:42.733,0.159,2015/10/22T03:46:42.892,S0,0,0,0.0.0.0,S,FPA,,443,all,outweb,2015/10/22T03:46:42.733,2015/10/22T03:46:42.892,0.159,,,--,us
192.168.1.11,204.246.169.97,50612,443,6,34977,1857060,FSPA,2015/10/22T03:46:43.154,20.255,2015/10/22T03:47:03.409,S0,0,0,0.0.0.0,S,FPA,,443,all,outweb,2015/10/22T03:46:43.154,2015/10/22T03:47:03.409,20.255,,,--,us
192.168.1.11,23.235.46.162,57930,443,6,16,1542,FSRPA,2015/10/22T03:47:03.732,0.063,2015/10/22T03:47:03.795,S0,0,0,0.0.0.0,S,FRPA,,443,all,outweb,2015/10/22T03:47:03.732,2015/10/22T03:47:03.795,0.063,,,--,us
192.168.1.11,23.235.46.162,57930,443,6,1,40,R,2015/10/22T03:47:03.795,0.000,2015/10/22T03:47:03.795,S0,0,0,0.0.0.0,R,,,0,all,outweb,2015/10/22T03:47:03.795,2015/10/22T03:47:03.795,0.000,,,--,us
192.168.1.11,192.30.252.129,33117,443,6,10,1212,FSRPA,2015/10/22T03:47:03.752,0.087,2015/10/22T03:47:03.839,S0,0,0,0.0.0.0,S,FRPA,,443,all,outweb,2015/10/22T03:47:03.752,2015/10/22T03:47:03.839,0.087,,,--,us
192.168.1.11,192.30.252.129,33117,443,6,1,40,R,2015/10/22T03:47:03.839,0.000,2015/10/22T03:47:03.839,S0,0,0,0.0.0.0,R,,,0,all,outweb,2015/10/22T03:47:03.839,2015/10/22T03:47:03.839,0.000,,,--,us
192.168.1.11,23.235.46.162,57933,443,6,19,1652,FSRPA,2015/10/22T03:47:03.766,0.086,2015/10/22T03:47:03.852,S0,0,0,0.0.0.0,S,FRPA,,443,all,outweb,2015/10/22T03:47:03.766,2015/10/22T03:47:03.852,0.086,,,--,us
192.168.1.11,23.235.46.162,57933,443,6,1,40,R,2015/10/22T03:47:03.852,0.000,2015/10/22T03:47:03.852,S0,0,0,0.0.0.0,R,,,0,all,outweb,2015/10/22T03:47:03.852,2015/10/22T03:47:03.852,0.000,,,--,us
192.168.1.11,23.235.46.162,57935,443,6,15,1452,FSRPA,2015/10/22T03:47:03.780,0.085,2015/10/22T03:47:03.865,S0,0,0,0.0.0.0,S,FRPA,,443,all,outweb,2015/10/22T03:47:03.780,2015/10/22T03:47:03.865,0.085,,,--,us
192.168.1.11,23.235.46.162,57935,443,6,1,40,R,2015/10/22T03:47:03.866,0.000,2015/10/22T03:47:03.866,S0,0,0,0.0.0.0,R,,,0,all,outweb,2015/10/22T03:47:03.866,2015/10/22T03:47:03.866,0.000,,,--,us
192.168.1.11,23.235.46.162,57934,443,6,23,1884,FSRPA,2015/10/22T03:47:03.771,0.095,2015/10/22T03:47:03.866,S0,0,0,0.0.0.0,S,FRPA,,443,all,outweb,2015/10/22T03:47:03.771,2015/10/22T03:47:03.866,0.095,,,--,us
192.168.1.11,23.235.46.162,57934,443,6,1,40,R,2015/10/22T03:47:03.867,0.000,2015/10/22T03:47:03.867,S0,0,0,0.0.0.0,R,,,0,all,outweb,2015/10/22T03:47:03.867,2015/10/22T03:47:03.867,0.000,,,--,us
192.168.1.11,23.235.46.162,57936,443,6,10,1182,FSRPA,2015/10/22T03:47:03.825,0.082,2015/10/22T03:47:03.907,S0,0,0,0.0.0.0,S,FRPA,,443,all,outweb,2015/10/22T03:47:03.825,2015/10/22T03:47:03.907,0.082,,,--,us
192.168.1.11,23.235.46.162,57936,443,6,1,40,R,2015/10/22T03:47:03.907,0.000,2015/10/22T03:47:03.907,S0,0,0,0.0.0.0,R,,,0,all,outweb,2015/10/22T03:47:03.907,2015/10/22T03:47:03.907,0.000,,,--,us
192.168.1.11,23.235.46.162,57932,443,6,58,3679,FSRPA,2015/10/22T03:47:03.756,0.163,2015/10/22T03:47:03.919,S0,0,0,0.0.0.0,S,FRPA,,443,all,outweb,2015/10/22T03:47:03.756,2015/10/22T03:47:03.919,0.163,,,--,us
192.168.1.11,23.235.46.162,57932,443,6,1,40,R,2015/10/22T03:47:03.919,0.000,2015/10/22T03:47:03.919,S0,0,0,0.0.0.0,R,,,0,all,outweb,2015/10/22T03:47:03.919,2015/10/22T03:47:03.919,0.000,,,--,us
192.168.1.11,192.30.252.146,44583,443,6,11,1288,FSRPA,2015/10/22T03:47:03.857,0.094,2015/10/22T03:47:03.951,S0,0,0,0.0.0.0,S,FRPA,,443,all,outweb,2015/10/22T03:47:03.857,2015/10/22T03:47:03.951,0.094,,,--,us
192.168.1.11,192.30.252.146,44583,443,6,1,40,R,2015/10/22T03:47:03.951,0.000,2015/10/22T03:47:03.951,S0,0,0,0.0.0.0,R,,,0,all,outweb,2015/10/22T03:47:03.951,2015/10/22T03:47:03.951,0.000,,,--,us
192.168.1.11,23.235.46.162,57938,443,6,12,1337,FSRPA,2015/10/22T03:47:04.098,0.084,2015/10/22T03:47:04.182,S0,0,0,0.0.0.0,S,FRPA,,443,all,outweb,2015/10/22T03:47:04.098,2015/10/22T03:47:04.182,0.084,,,--,us
192.168.1.11,23.235.46.162,57938,443,6,1,40,R,2015/10/22T03:47:04.182,0.000,2015/10/22T03:47:04.182,S0,0,0,0.0.0.0,R,,,0,all,outweb,2015/10/22T03:47:04.182,2015/10/22T03:47:04.182,0.000,,,--,us
192.168.1.11,23.235.46.162,57941,443,6,14,1456,FSRPA,2015/10/22T03:47:04.132,0.055,2015/10/22T03:47:04.187,S0,0,0,0.0.0.0,S,FRPA,,443,all,outweb,2015/10/22T03:47:04.132,2015/10/22T03:47:04.187,0.055,,,--,us
192.168.1.11,23.235.46.162,57941,443,6,1,40,R,2015/10/22T03:47:04.190,0.000,2015/10/22T03:47:04.190,S0,0,0,0.0.0.0,R,,,0,all,outweb,2015/10/22T03:47:04.190,2015/10/22T03:47:04.190,0.000,,,--,us
192.168.1.11,23.235.46.162,57940,443,6,15,1499,FSRPA,2015/10/22T03:47:04.119,0.073,2015/10/22T03:47:04.192,S0,0,0,0.0.0.0,S,FRPA,,443,all,outweb,2015/10/22T03:47:04.119,2015/10/22T03:47:04.192,0.073,,,--,us
192.168.1.11,23.235.46.162,57940,443,6,1,40,R,2015/10/22T03:47:04.192,0.000,2015/10/22T03:47:04.192,S0,0,0,0.0.0.0,R,,,0,all,outweb,2015/10/22T03:47:04.192,2015/10/22T03:47:04.192,0.000,,,--,us
192.168.1.11,23.235.46.162,57942,443,6,10,1245,FSRPA,2015/10/22T03:47:04.135,0.059,2015/10/22T03:47:04.194,S0,0,0,0.0.0.0,S,FRPA,,443,all,outweb,2015/10/22T03:47:04.135,2015/10/22T03:47:04.194,0.059,,,--,us
192.168.1.11,23.235.46.162,57942,443,6,1,40,R,2015/10/22T03:47:04.194,0.000,2015/10/22T03:47:04.194,S0,0,0,0.0.0.0,R,,,0,all,outweb,2015/10/22T03:47:04.194,2015/10/22T03:47:04.194,0.000,,,--,us
192.168.1.11,23.235.46.162,57939,443,6,15,1762,FSRPA,2015/10/22T03:47:04.106,0.091,2015/10/22T03:47:04.197,S0,0,0,0.0.0.0,S,FRPA,,443,all,outweb,2015/10/22T03:47:04.106,2015/10/22T03:47:04.197,0.091,,,--,us
192.168.1.11,23.235.46.162,57939,443,6,1,40,R,2015/10/22T03:47:04.198,0.000,2015/10/22T03:47:04.198,S0,0,0,0.0.0.0,R,,,0,all,outweb,2015/10/22T03:47:04.198,2015/10/22T03:47:04.198,0.000,,,--,us
192.168.1.11,23.235.46.162,57944,443,6,11,1240,FSRPA,2015/10/22T03:47:04.261,0.060,2015/10/22T03:47:04.321,S0,0,0,0.0.0.0,S,FRPA,,443,all,outweb,2015/10/22T03:47:04.261,2015/10/22T03:47:04.321,0.060,,,--,us
192.168.1.11,23.235.46.162,57944,443,6,1,40,R,2015/10/22T03:47:04.321,0.000,2015/10/22T03:47:04.321,S0,0,0,0.0.0.0,R,,,0,all,outweb,2015/10/22T03:47:04.321,2015/10/22T03:47:04.321,0.000,,,--,us
192.168.1.11,23.235.46.162,57945,443,6,9,1142,FSRPA,2015/10/22T03:47:04.272,0.059,2015/10/22T03:47:04.331,S0,0,0,0.0.0.0,S,FRPA,,443,all,outweb,2015/10/22T03:47:04.272,2015/10/22T03:47:04.331,0.059,,,--,us
192.168.1.11,23.235.46.162,57945,443,6,1,40,R,2015/10/22T03:47:04.331,0.000,2015/10/22T03:47:04.331,S0,0,0,0.0.0.0,R,,,0,all,outweb,2015/10/22T03:47:04.331,2015/10/22T03:47:04.331,0.000,,,--,us
192.168.1.11,23.235.46.162,57946,443,6,11,1252,FSRPA,2015/10/22T03:47:04.279,0.054,2015/10/22T03:47:04.333,S0,0,0,0.0.0.0,S,FRPA,,443,all,outweb,2015/10/22T03:47:04.279,2015/10/22T03:47:04.333,0.054,,,--,us
192.168.1.11,23.235.46.162,57946,443,6,1,40,R,2015/10/22T03:47:04.333,0.000,2015/10/22T03:47:04.333,S0,0,0,0.0.0.0,R,,,0,all,outweb,2015/10/22T03:47:04.333,2015/10/22T03:47:04.333,0.000,,,--,us
192.168.1.11,23.235.46.162,57943,443,6,20,2161,FSRPA,2015/10/22T03:47:04.250,0.091,2015/10/22T03:47:04.341,S0,0,0,0.0.0.0,S,FRPA,,443,all,outweb,2015/10/22T03:47:04.250,2015/10/22T03:47:04.341,0.091,,,--,us
192.168.1.11,23.235.46.162,57943,443,6,1,40,R,2015/10/22T03:47:04.341,0.000,2015/10/22T03:47:04.341,S0,0,0,0.0.0.0,R,,,0,all,outweb,2015/10/22T03:47:04.341,2015/10/22T03:47:04.341,0.000,,,--,us
192.168.1.11,23.235.46.162,57947,443,6,12,1328,FSRPA,2015/10/22T03:47:04.284,0.057,2015/10/22T03:47:04.341,S0,0,0,0.0.0.0,S,FRPA,,443,all,outweb,2015/10/22T03:47:04.284,2015/10/22T03:47:04.341,0.057,,,--,us
192.168.1.11,23.235.46.162,57947,443,6,1,40,R,2015/10/22T03:47:04.341,0.000,2015/10/22T03:47:04.341,S0,0,0,0.0.0.0,R,,,0,all,outweb,2015/10/22T03:47:04.341,2015/10/22T03:47:04.341,0.000,,,--,us
192.168.1.11,23.235.46.162,57948,443,6,13,1391,FSRPA,2015/10/22T03:47:04.403,0.064,2015/10/22T03:47:04.467,S0,0,0,0.0.0.0,S,FRPA,,443,all,outweb,2015/10/22T03:47:04.403,2015/10/22T03:47:04.467,0.064,,,--,us
192.168.1.11,23.235.46.162,57948,443,6,1,40,R,2015/10/22T03:47:04.467,0.000,2015/10/22T03:47:04.467,S0,0,0,0.0.0.0,R,,,0,all,outweb,2015/10/22T03:47:04.467,2015/10/22T03:47:04.467,0.000,,,--,us
192.168.1.11,23.235.46.162,57949,443,6,14,1455,FSRPA,2015/10/22T03:47:04.408,0.076,2015/10/22T03:47:04.484,S0,0,0,0.0.0.0,S,FRPA,,443,all,outweb,2015/10/22T03:47:04.408,2015/10/22T03:47:04.484,0.076,,,--,us
192.168.1.11,23.235.46.162,57949,443,6,1,40,R,2015/10/22T03:47:04.485,0.000,2015/10/22T03:47:04.485,S0,0,0,0.0.0.0,R,,,0,all,outweb,2015/10/22T03:47:04.485,2015/10/22T03:47:04.485,0.000,,,--,us
192.168.1.11,23.235.46.162,57950,443,6,10,1192,FSRPA,2015/10/22T03:47:04.494,0.051,2015/10/22T03:47:04.545,S0,0,0,0.0.0.0,S,FRPA,,443,all,outweb,2015/10/22T03:47:04.494,2015/10/22T03:47:04.545,0.051,,,--,us
192.168.1.11,23.235.46.162,57950,443,6,1,40,R,2015/10/22T03:47:04.545,0.000,2015/10/22T03:47:04.545,S0,0,0,0.0.0.0,R,,,0,all,outweb,2015/10/22T03:47:04.545,2015/10/22T03:47:04.545,0.000,,,--,us
192.168.1.11,23.235.46.162,57951,443,6,12,1292,FSRPA,2015/10/22T03:47:04.546,0.055,2015/10/22T03:47:04.601,S0,0,0,0.0.0.0,S,FRPA,,443,all,outweb,2015/10/22T03:47:04.546,2015/10/22T03:47:04.601,0.055,,,--,us
192.168.1.11,23.235.46.162,57951,443,6,1,40,R,2015/10/22T03:47:04.601,0.000,2015/10/22T03:47:04.601,S0,0,0,0.0.0.0,R,,,0,all,outweb,2015/10/22T03:47:04.601,2015/10/22T03:47:04.601,0.000,,,--,us
192.168.1.6,192.168.1.255,137,137,17,3,234,,2015/10/22T03:42:00.498,1.432,2015/10/22T03:42:01.930,S0,0,0,0.0.0.0,,,S,137,all,int2int,2015/10/22T03:42:00.498,2015/10/22T03:42:01.930,1.432,,,--,--
192.168.1.11,192.168.1.1,34432,53,17,2,106,,2015/10/22T03:42:40.999,0.081,2015/10/22T03:42:41.080,S0,0,0,0.0.0.0,,,S,53,all,int2int,2015/10/22T03:42:40.999,2015/10/22T03:42:41.080,0.081,,,--,--
192.168.1.1,192.168.1.11,53,34432,17,2,184,,2015/10/22T03:42:40.999,0.081,2015/10/22T03:42:41.080,S0,0,0,0.0.0.0,,,,53,all,int2int,2015/10/22T03:42:40.999,2015/10/22T03:42:41.080,0.081,,,--,--
192.168.1.6,192.168.1.11,59905,1800,6,37,2933,FSPA,2015/10/22T03:48:02.285,5.333,2015/10/22T03:48:07.618,S0,0,0,0.0.0.0,S,FPA,,80,all,int2int,2015/10/22T03:48:02.285,2015/10/22T03:48:07.618,5.333,,,--,--
192.168.1.11,192.168.1.6,1800,59905,6,17,47116,FSPA,2015/10/22T03:48:02.285,5.333,2015/10/22T03:48:07.618,S0,0,0,0.0.0.0,SA,FPA,,80,all,int2int,2015/10/22T03:48:02.285,2015/10/22T03:48:07.618,5.333,,,--,--
192.168.1.6,192.168.1.11,59906,1800,6,180,10536,FSPA,2015/10/22T03:48:02.354,5.466,2015/10/22T03:48:07.820,S0,0,0,0.0.0.0,S,FPA,,80,all,int2int,2015/10/22T03:48:02.354,2015/10/22T03:48:07.820,5.466,,,--,--
192.168.1.11,192.168.1.6,1800,59906,6,51,319437,FSPA,2015/10/22T03:48:02.354,5.466,2015/10/22T03:48:07.820,S0,0,0,0.0.0.0,SA,FPA,,80,all,int2int,2015/10/22T03:48:02.354,2015/10/22T03:48:07.820,5.466,,,--,--
192.168.1.6,192.168.1.11,59939,1800,6,41,2685,FSPA,2015/10/22T03:50:14.816,5.010,2015/10/22T03:50:19.826,S0,0,0,0.0.0.0,S,FPA,,80,all,int2int,2015/10/22T03:50:14.816,2015/10/22T03:50:19.826,5.010,,,--,--
192.168.1.11,192.168.1.6,1800,59939,6,12,66382,FSPA,2015/10/22T03:50:14.816,5.010,2015/10/22T03:50:19.826,S0,0,0,0.0.0.0,SA,FPA,,80,all,int2int,2015/10/22T03:50:14.816,2015/10/22T03:50:19.826,5.010,,,--,--
192.168.1.3,192.168.1.255,138,138,17,1,229,,2015/10/22T03:45:30.319,0.000,2015/10/22T03:45:30.319,S0,0,0,0.0.0.0,,,,138,all,int2int,2015/10/22T03:45:30.319,2015/10/22T03:45:30.319,0.000,,,--,--
192.168.1.11,192.168.1.1,49468,53,17,2,130,,2015/10/22T03:45:28.652,2.081,2015/10/22T03:45:30.733,S0,0,0,0.0.0.0,,,S,53,all,int2int,2015/10/22T03:45:28.652,2015/10/22T03:45:30.733,2.081,,,--,--
192.168.1.1,192.168.1.11,53,49468,17,2,454,,2015/10/22T03:45:28.652,2.081,2015/10/22T03:45:30.733,S0,0,0,0.0.0.0,,,,53,all,int2int,2015/10/22T03:45:28.652,2015/10/22T03:45:30.733,2.081,,,--,--
192.168.1.11,192.168.1.1,55155,53,17,2,134,,2015/10/22T03:45:28.653,2.080,2015/10/22T03:45:30.733,S0,0,0,0.0.0.0,,,S,53,all,int2int,2015/10/22T03:45:28.653,2015/10/22T03:45:30.733,2.080,,,--,--
192.168.1.1,192.168.1.11,53,55155,17,2,354,,2015/10/22T03:45:28.653,2.080,2015/10/22T03:45:30.733,S0,0,0,0.0.0.0,,,,53,all,int2int,2015/10/22T03:45:28.653,2015/10/22T03:45:30.733,2.080,,,--,--
192.168.1.11,192.168.1.1,60075,53,17,2,134,,2015/10/22T03:45:39.891,0.021,2015/10/22T03:45:39.912,S0,0,0,0.0.0.0,,,S,53,all,int2int,2015/10/22T03:45:39.891,2015/10/22T03:45:39.912,0.021,,,--,--
192.168.1.1,192.168.1.11,53,60075,17,2,354,,2015/10/22T03:45:39.891,0.021,2015/10/22T03:45:39.912,S0,0,0,0.0.0.0,,,,53,all,int2int,2015/10/22T03:45:39.891,2015/10/22T03:45:39.912,0.021,,,--,--
192.168.1.11,192.168.1.1,43224,53,17,2,134,,2015/10/22T03:45:44.286,0.024,2015/10/22T03:45:44.310,S0,0,0,0.0.0.0,,,S,53,all,int2int,2015/10/22T03:45:44.286,2015/10/22T03:45:44.310,0.024,,,--,--
192.168.1.1,192.168.1.11,53,43224,17,2,354,,2015/10/22T03:45:44.286,0.024,2015/10/22T03:45:44.310,S0,0,0,0.0.0.0,,,,53,all,int2int,2015/10/22T03:45:44.286,2015/10/22T03:45:44.310,0.024,,,--,--
192.168.1.11,192.168.1.1,33672,53,17,2,134,,2015/10/22T03:45:45.435,0.019,2015/10/22T03:45:45.454,S0,0,0,0.0.0.0,,,S,53,all,int2int,2015/10/22T03:45:45.435,2015/10/22T03:45:45.454,0.019,,,--,--
192.168.1.1,192.168.1.11,53,33672,17,2,354,,2015/10/22T03:45:45.435,0.019,2015/10/22T03:45:45.454,S0,0,0,0.0.0.0,,,,53,all,int2int,2015/10/22T03:45:45.435,2015/10/22T03:45:45.454,0.019,,,--,--
192.168.1.11,192.168.1.1,59860,53,17,2,134,,2015/10/22T03:45:51.953,0.119,2015/10/22T03:45:52.072,S0,0,0,0.0.0.0,,,S,53,all,int2int,2015/10/22T03:45:51.953,2015/10/22T03:45:52.072,0.119,,,--,--
192.168.1.1,192.168.1.11,53,59860,17,2,354,,2015/10/22T03:45:51.953,0.119,2015/10/22T03:45:52.072,S0,0,0,0.0.0.0,,,,53,all,int2int,2015/10/22T03:45:51.953,2015/10/22T03:45:52.072,0.119,,,--,--
192.168.1.11,192.168.1.1,40055,53,17,2,112,,2015/10/22T03:46:21.542,0.016,2015/10/22T03:46:21.558,S0,0,0,0.0.0.0,,,S,53,all,int2int,2015/10/22T03:46:21.542,2015/10/22T03:46:21.558,0.016,,,--,--
192.168.1.1,192.168.1.11,53,40055,17,2,193,,2015/10/22T03:46:21.542,0.016,2015/10/22T03:46:21.558,S0,0,0,0.0.0.0,,,,53,all,int2int,2015/10/22T03:46:21.542,2015/10/22T03:46:21.558,0.016,,,--,--
192.168.1.11,192.168.1.1,35336,53,17,2,112,,2015/10/22T03:46:21.724,0.021,2015/10/22T03:46:21.745,S0,0,0,0.0.0.0,,,S,53,all,int2int,2015/10/22T03:46:21.724,2015/10/22T03:46:21.745,0.021,,,--,--
192.168.1.1,192.168.1.11,53,35336,17,2,193,,2015/10/22T03:46:21.724,0.021,2015/10/22T03:46:21.745,S0,0,0,0.0.0.0,,,,53,all,int2int,2015/10/22T03:46:21.724,2015/10/22T03:46:21.745,0.021,,,--,--
192.168.1.11,192.168.1.1,35220,53,17,2,128,,2015/10/22T03:46:23.903,0.019,2015/10/22T03:46:23.922,S0,0,0,0.0.0.0,,,S,53,all,int2int,2015/10/22T03:46:23.903,2015/10/22T03:46:23.922,0.019,,,--,--
192.168.1.1,192.168.1.11,53,35220,17,2,205,,2015/10/22T03:46:23.903,0.019,2015/10/22T03:46:23.922,S0,0,0,0.0.0.0,,,,53,all,int2int,2015/10/22T03:46:23.903,2015/10/22T03:46:23.922,0.019,,,--,--
192.168.1.11,192.168.1.1,53158,53,17,2,130,,2015/10/22T03:46:24.287,0.023,2015/10/22T03:46:24.310,S0,0,0,0.0.0.0,,,S,53,all,int2int,2015/10/22T03:46:24.287,2015/10/22T03:46:24.310,0.023,,,--,--
192.168.1.1,192.168.1.11,53,53158,17,2,454,,2015/10/22T03:46:24.287,0.023,2015/10/22T03:46:24.310,S0,0,0,0.0.0.0,,,,53,all,int2int,2015/10/22T03:46:24.287,2015/10/22T03:46:24.310,0.023,,,--,--
192.168.1.11,192.168.1.1,38287,53,17,2,134,,2015/10/22T03:46:24.288,0.031,2015/10/22T03:46:24.319,S0,0,0,0.0.0.0,,,S,53,all,int2int,2015/10/22T03:46:24.288,2015/10/22T03:46:24.319,0.031,,,--,--
192.168.1.1,192.168.1.11,53,38287,17,2,354,,2015/10/22T03:46:24.288,0.031,2015/10/22T03:46:24.319,S0,0,0,0.0.0.0,,,,53,all,int2int,2015/10/22T03:46:24.288,2015/10/22T03:46:24.319,0.031,,,--,--
192.168.1.6,192.168.1.11,59965,1800,6,22,2088,FSPA,2015/10/22T03:51:28.339,5.039,2015/10/22T03:51:33.378,S0,0,0,0.0.0.0,S,FPA,,80,all,int2int,2015/10/22T03:51:28.339,2015/10/22T03:51:33.378,5.039,,,--,--
192.168.1.11,192.168.1.6,1800,59965,6,11,28501,FSPA,2015/10/22T03:51:28.339,5.039,2015/10/22T03:51:33.378,S0,0,0,0.0.0.0,SA,FPA,,80,all,int2int,2015/10/22T03:51:28.339,2015/10/22T03:51:33.378,5.039,,,--,--
192.168.1.11,192.168.1.1,40760,53,17,2,128,,2015/10/22T03:46:32.394,0.023,2015/10/22T03:46:32.417,S0,0,0,0.0.0.0,,,S,53,all,int2int,2015/10/22T03:46:32.394,2015/10/22T03:46:32.417,0.023,,,--,--
192.168.1.1,192.168.1.11,53,40760,17,2,205,,2015/10/22T03:46:32.394,0.023,2015/10/22T03:46:32.417,S0,0,0,0.0.0.0,,,,53,all,int2int,2015/10/22T03:46:32.394,2015/10/22T03:46:32.417,0.023,,,--,--
192.168.1.11,192.168.1.1,43045,53,17,2,128,,2015/10/22T03:46:32.766,0.014,2015/10/22T03:46:32.780,S0,0,0,0.0.0.0,,,S,53,all,int2int,2015/10/22T03:46:32.766,2015/10/22T03:46:32.780,0.014,,,--,--
192.168.1.1,192.168.1.11,53,43045,17,2,205,,2015/10/22T03:46:32.766,0.014,2015/10/22T03:46:32.780,S0,0,0,0.0.0.0,,,,53,all,int2int,2015/10/22T03:46:32.766,2015/10/22T03:46:32.780,0.014,,,--,--
192.168.1.11,192.168.1.1,36088,53,17,2,130,,2015/10/22T03:46:33.152,0.019,2015/10/22T03:46:33.171,S0,0,0,0.0.0.0,,,S,53,all,int2int,2015/10/22T03:46:33.152,2015/10/22T03:46:33.171,0.019,,,--,--
192.168.1.1,192.168.1.11,53,36088,17,2,454,,2015/10/22T03:46:33.152,0.019,2015/10/22T03:46:33.171,S0,0,0,0.0.0.0,,,,53,all,int2int,2015/10/22T03:46:33.152,2015/10/22T03:46:33.171,0.019,,,--,--
192.168.1.11,192.168.1.1,36173,53,17,2,128,,2015/10/22T03:46:33.153,0.031,2015/10/22T03:46:33.184,S0,0,0,0.0.0.0,,,S,53,all,int2int,2015/10/22T03:46:33.153,2015/10/22T03:46:33.184,0.031,,,--,--
192.168.1.1,192.168.1.11,53,36173,17,2,205,,2015/10/22T03:46:33.153,0.031,2015/10/22T03:46:33.184,S0,0,0,0.0.0.0,,,,53,all,int2int,2015/10/22T03:46:33.153,2015/10/22T03:46:33.184,0.031,,,--,--
192.168.1.11,192.168.1.1,43885,53,17,2,134,,2015/10/22T03:46:33.152,0.033,2015/10/22T03:46:33.185,S0,0,0,0.0.0.0,,,S,53,all,int2int,2015/10/22T03:46:33.152,2015/10/22T03:46:33.185,0.033,,,--,--
192.168.1.1,192.168.1.11,53,43885,17,2,354,,2015/10/22T03:46:33.152,0.033,2015/10/22T03:46:33.185,S0,0,0,0.0.0.0,,,,53,all,int2int,2015/10/22T03:46:33.152,2015/10/22T03:46:33.185,0.033,,,--,--
192.168.1.11,192.168.1.1,33103,53,17,2,134,,2015/10/22T03:46:38.624,0.020,2015/10/22T03:46:38.644,S0,0,0,0.0.0.0,,,S,53,all,int2int,2015/10/22T03:46:38.624,2015/10/22T03:46:38.644,0.020,,,--,--
192.168.1.1,192.168.1.11,53,33103,17,2,354,,2015/10/22T03:46:38.624,0.020,2015/10/22T03:46:38.644,S0,0,0,0.0.0.0,,,,53,all,int2int,2015/10/22T03:46:38.624,2015/10/22T03:46:38.644,0.020,,,--,--
192.168.1.11,192.168.1.1,47914,53,17,2,128,,2015/10/22T03:46:38.625,0.024,2015/10/22T03:46:38.649,S0,0,0,0.0.0.0,,,S,53,all,int2int,2015/10/22T03:46:38.625,2015/10/22T03:46:38.649,0.024,,,--,--
192.168.1.1,192.168.1.11,53,47914,17,2,205,,2015/10/22T03:46:38.625,0.024,2015/10/22T03:46:38.649,S0,0,0,0.0.0.0,,,,53,all,int2int,2015/10/22T03:46:38.625,2015/10/22T03:46:38.649,0.024,,,--,--
192.168.1.11,192.168.1.1,47823,53,17,2,128,,2015/10/22T03:46:42.704,0.020,2015/10/22T03:46:42.724,S0,0,0,0.0.0.0,,,S,53,all,int2int,2015/10/22T03:46:42.704,2015/10/22T03:46:42.724,0.020,,,--,--
192.168.1.1,192.168.1.11,53,47823,17,2,318,,2015/10/22T03:46:42.704,0.020,2015/10/22T03:46:42.724,S0,0,0,0.0.0.0,,,,53,all,int2int,2015/10/22T03:46:42.704,2015/10/22T03:46:42.724,0.020,,,--,--
192.168.1.11,192.168.1.1,39164,53,17,2,150,,2015/10/22T03:46:42.900,0.180,2015/10/22T03:46:43.080,S0,0,0,0.0.0.0,,,S,53,all,int2int,2015/10/22T03:46:42.900,2015/10/22T03:46:43.080,0.180,,,--,--
192.168.1.1,192.168.1.11,53,39164,17,2,363,,2015/10/22T03:46:42.900,0.180,2015/10/22T03:46:43.080,S0,0,0,0.0.0.0,,,,53,all,int2int,2015/10/22T03:46:42.900,2015/10/22T03:46:43.080,0.180,,,--,--
192.168.1.11,192.168.1.1,54964,53,17,2,128,,2015/10/22T03:47:03.706,0.025,2015/10/22T03:47:03.731,S0,0,0,0.0.0.0,,,S,53,all,int2int,2015/10/22T03:47:03.706,2015/10/22T03:47:03.731,0.025,,,--,--
192.168.1.1,192.168.1.11,53,54964,17,2,276,,2015/10/22T03:47:03.706,0.025,2015/10/22T03:47:03.731,S0,0,0,0.0.0.0,,,,53,all,int2int,2015/10/22T03:47:03.706,2015/10/22T03:47:03.731,0.025,,,--,--
192.168.1.11,192.168.1.1,58682,53,17,2,112,,2015/10/22T03:47:03.713,0.037,2015/10/22T03:47:03.750,S0,0,0,0.0.0.0,,,S,53,all,int2int,2015/10/22T03:47:03.713,2015/10/22T03:47:03.750,0.037,,,--,--
192.168.1.1,192.168.1.11,53,58682,17,2,193,,2015/10/22T03:47:03.713,0.037,2015/10/22T03:47:03.750,S0,0,0,0.0.0.0,,,,53,all,int2int,2015/10/22T03:47:03.713,2015/10/22T03:47:03.750,0.037,,,--,--
192.168.1.11,192.168.1.1,34557,53,17,2,128,,2015/10/22T03:47:03.714,0.042,2015/10/22T03:47:03.756,S0,0,0,0.0.0.0,,,S,53,all,int2int,2015/10/22T03:47:03.714,2015/10/22T03:47:03.756,0.042,,,--,--
192.168.1.1,192.168.1.11,53,34557,17,2,276,,2015/10/22T03:47:03.714,0.042,2015/10/22T03:47:03.756,S0,0,0,0.0.0.0,,,,53,all,int2int,2015/10/22T03:47:03.714,2015/10/22T03:47:03.756,0.042,,,--,--
192.168.1.11,192.168.1.1,40167,53,17,2,128,,2015/10/22T03:47:03.717,0.049,2015/10/22T03:47:03.766,S0,0,0,0.0.0.0,,,S,53,all,int2int,2015/10/22T03:47:03.717,2015/10/22T03:47:03.766,0.049,,,--,--
192.168.1.1,192.168.1.11,53,40167,17,2,276,,2015/10/22T03:47:03.717,0.049,2015/10/22T03:47:03.766,S0,0,0,0.0.0.0,,,,53,all,int2int,2015/10/22T03:47:03.717,2015/10/22T03:47:03.766,0.049,,,--,--
192.168.1.11,192.168.1.1,47156,53,17,2,128,,2015/10/22T03:47:03.731,0.039,2015/10/22T03:47:03.770,S0,0,0,0.0.0.0,,,S,53,all,int2int,2015/10/22T03:47:03.731,2015/10/22T03:47:03.770,0.039,,,--,--
192.168.1.1,192.168.1.11,53,47156,17,2,276,,2015/10/22T03:47:03.731,0.039,2015/10/22T03:47:03.770,S0,0,0,0.0.0.0,,,,53,all,int2int,2015/10/22T03:47:03.731,2015/10/22T03:47:03.770,0.039,,,--,--
192.168.1.11,192.168.1.1,54467,53,17,2,128,,2015/10/22T03:47:03.750,0.027,2015/10/22T03:47:03.777,S0,0,0,0.0.0.0,,,S,53,all,int2int,2015/10/22T03:47:03.750,2015/10/22T03:47:03.777,0.027,,,--,--
192.168.1.1,192.168.1.11,53,54467,17,2,276,,2015/10/22T03:47:03.750,0.027,2015/10/22T03:47:03.777,S0,0,0,0.0.0.0,,,,53,all,int2int,2015/10/22T03:47:03.750,2015/10/22T03:47:03.777,0.027,,,--,--
192.168.1.11,192.168.1.1,54309,53,17,2,128,,2015/10/22T03:47:03.797,0.025,2015/10/22T03:47:03.822,S0,0,0,0.0.0.0,,,S,53,all,int2int,2015/10/22T03:47:03.797,2015/10/22T03:47:03.822,0.025,,,--,--
192.168.1.1,192.168.1.11,53,54309,17,2,276,,2015/10/22T03:47:03.797,0.025,2015/10/22T03:47:03.822,S0,0,0,0.0.0.0,,,,53,all,int2int,2015/10/22T03:47:03.797,2015/10/22T03:47:03.822,0.025,,,--,--
192.168.1.11,192.168.1.1,35693,53,17,2,130,,2015/10/22T03:47:03.824,0.032,2015/10/22T03:47:03.856,S0,0,0,0.0.0.0,,,S,53,all,int2int,2015/10/22T03:47:03.824,2015/10/22T03:47:03.856,0.032,,,--,--
192.168.1.1,192.168.1.11,53,35693,17,2,211,,2015/10/22T03:47:03.824,0.032,2015/10/22T03:47:03.856,S0,0,0,0.0.0.0,,,,53,all,int2int,2015/10/22T03:47:03.824,2015/10/22T03:47:03.856,0.032,,,--,--
192.168.1.11,192.168.1.1,43391,53,17,2,128,,2015/10/22T03:47:04.065,0.032,2015/10/22T03:47:04.097,S0,0,0,0.0.0.0,,,S,53,all,int2int,2015/10/22T03:47:04.065,2015/10/22T03:47:04.097,0.032,,,--,--
192.168.1.1,192.168.1.11,53,43391,17,2,276,,2015/10/22T03:47:04.065,0.032,2015/10/22T03:47:04.097,S0,0,0,0.0.0.0,,,,53,all,int2int,2015/10/22T03:47:04.065,2015/10/22T03:47:04.097,0.032,,,--,--
192.168.1.11,192.168.1.1,45606,53,17,2,128,,2015/10/22T03:47:04.072,0.034,2015/10/22T03:47:04.106,S0,0,0,0.0.0.0,,,S,53,all,int2int,2015/10/22T03:47:04.072,2015/10/22T03:47:04.106,0.034,,,--,--
192.168.1.1,192.168.1.11,53,45606,17,2,276,,2015/10/22T03:47:04.072,0.034,2015/10/22T03:47:04.106,S0,0,0,0.0.0.0,,,,53,all,int2int,2015/10/22T03:47:04.072,2015/10/22T03:47:04.106,0.034,,,--,--
192.168.1.11,192.168.1.1,34014,53,17,2,128,,2015/10/22T03:47:04.075,0.044,2015/10/22T03:47:04.119,S0,0,0,0.0.0.0,,,S,53,all,int2int,2015/10/22T03:47:04.075,2015/10/22T03:47:04.119,0.044,,,--,--
192.168.1.1,192.168.1.11,53,34014,17,2,276,,2015/10/22T03:47:04.075,0.044,2015/10/22T03:47:04.119,S0,0,0,0.0.0.0,,,,53,all,int2int,2015/10/22T03:47:04.075,2015/10/22T03:47:04.119,0.044,,,--,--
192.168.1.11,192.168.1.1,50026,53,17,2,128,,2015/10/22T03:47:04.077,0.053,2015/10/22T03:47:04.130,S0,0,0,0.0.0.0,,,S,53,all,int2int,2015/10/22T03:47:04.077,2015/10/22T03:47:04.130,0.053,,,--,--
192.168.1.1,192.168.1.11,53,50026,17,2,276,,2015/10/22T03:47:04.077,0.053,2015/10/22T03:47:04.130,S0,0,0,0.0.0.0,,,,53,all,int2int,2015/10/22T03:47:04.077,2015/10/22T03:47:04.130,0.053,,,--,--
192.168.1.11,192.168.1.1,40301,53,17,2,128,,2015/10/22T03:47:04.097,0.037,2015/10/22T03:47:04.134,S0,0,0,0.0.0.0,,,S,53,all,int2int,2015/10/22T03:47:04.097,2015/10/22T03:47:04.134,0.037,,,--,--
192.168.1.1,192.168.1.11,53,40301,17,2,276,,2015/10/22T03:47:04.097,0.037,2015/10/22T03:47:04.134,S0,0,0,0.0.0.0,,,,53,all,int2int,2015/10/22T03:47:04.097,2015/10/22T03:47:04.134,0.037,,,--,--
192.168.1.11,192.168.1.1,43903,53,17,2,128,,2015/10/22T03:47:04.224,0.025,2015/10/22T03:47:04.249,S0,0,0,0.0.0.0,,,S,53,all,int2int,2015/10/22T03:47:04.224,2015/10/22T03:47:04.249,0.025,,,--,--
192.168.1.1,192.168.1.11,53,43903,17,2,276,,2015/10/22T03:47:04.224,0.025,2015/10/22T03:47:04.249,S0,0,0,0.0.0.0,,,,53,all,int2int,2015/10/22T03:47:04.224,2015/10/22T03:47:04.249,0.025,,,--,--
192.168.1.11,192.168.1.1,59858,53,17,2,128,,2015/10/22T03:47:04.227,0.034,2015/10/22T03:47:04.261,S0,0,0,0.0.0.0,,,S,53,all,int2int,2015/10/22T03:47:04.227,2015/10/22T03:47:04.261,0.034,,,--,--
192.168.1.1,192.168.1.11,53,59858,17,2,276,,2015/10/22T03:47:04.227,0.034,2015/10/22T03:47:04.261,S0,0,0,0.0.0.0,,,,53,all,int2int,2015/10/22T03:47:04.227,2015/10/22T03:47:04.261,0.034,,,--,--
192.168.1.11,192.168.1.1,54371,53,17,2,128,,2015/10/22T03:47:04.228,0.043,2015/10/22T03:47:04.271,S0,0,0,0.0.0.0,,,S,53,all,int2int,2015/10/22T03:47:04.228,2015/10/22T03:47:04.271,0.043,,,--,--
192.168.1.1,192.168.1.11,53,54371,17,2,276,,2015/10/22T03:47:04.228,0.043,2015/10/22T03:47:04.271,S0,0,0,0.0.0.0,,,,53,all,int2int,2015/10/22T03:47:04.228,2015/10/22T03:47:04.271,0.043,,,--,--
192.168.1.11,192.168.1.1,42909,53,17,2,128,,2015/10/22T03:47:04.229,0.050,2015/10/22T03:47:04.279,S0,0,0,0.0.0.0,,,S,53,all,int2int,2015/10/22T03:47:04.229,2015/10/22T03:47:04.279,0.050,,,--,--
192.168.1.1,192.168.1.11,53,42909,17,2,276,,2015/10/22T03:47:04.229,0.050,2015/10/22T03:47:04.279,S0,0,0,0.0.0.0,,,,53,all,int2int,2015/10/22T03:47:04.229,2015/10/22T03:47:04.279,0.050,,,--,--
192.168.1.11,192.168.1.1,50435,53,17,2,128,,2015/10/22T03:47:04.249,0.034,2015/10/22T03:47:04.283,S0,0,0,0.0.0.0,,,S,53,all,int2int,2015/10/22T03:47:04.249,2015/10/22T03:47:04.283,0.034,,,--,--
192.168.1.1,192.168.1.11,53,50435,17,2,276,,2015/10/22T03:47:04.249,0.034,2015/10/22T03:47:04.283,S0,0,0,0.0.0.0,,,,53,all,int2int,2015/10/22T03:47:04.249,2015/10/22T03:47:04.283,0.034,,,--,--
192.168.1.11,192.168.1.1,38281,53,17,2,128,,2015/10/22T03:47:04.383,0.019,2015/10/22T03:47:04.402,S0,0,0,0.0.0.0,,,S,53,all,int2int,2015/10/22T03:47:04.383,2015/10/22T03:47:04.402,0.019,,,--,--
192.168.1.1,192.168.1.11,53,38281,17,2,276,,2015/10/22T03:47:04.383,0.019,2015/10/22T03:47:04.402,S0,0,0,0.0.0.0,,,,53,all,int2int,2015/10/22T03:47:04.383,2015/10/22T03:47:04.402,0.019,,,--,--
192.168.1.11,192.168.1.1,34317,53,17,2,128,,2015/10/22T03:47:04.384,0.023,2015/10/22T03:47:04.407,S0,0,0,0.0.0.0,,,S,53,all,int2int,2015/10/22T03:47:04.384,2015/10/22T03:47:04.407,0.023,,,--,--
192.168.1.1,192.168.1.11,53,34317,17,2,276,,2015/10/22T03:47:04.384,0.023,2015/10/22T03:47:04.407,S0,0,0,0.0.0.0,,,,53,all,int2int,2015/10/22T03:47:04.384,2015/10/22T03:47:04.407,0.023,,,--,--
192.168.1.11,192.168.1.1,53639,53,17,2,128,,2015/10/22T03:47:04.478,0.015,2015/10/22T03:47:04.493,S0,0,0,0.0.0.0,,,S,53,all,int2int,2015/10/22T03:47:04.478,2015/10/22T03:47:04.493,0.015,,,--,--
192.168.1.1,192.168.1.11,53,53639,17,2,276,,2015/10/22T03:47:04.478,0.015,2015/10/22T03:47:04.493,S0,0,0,0.0.0.0,,,,53,all,int2int,2015/10/22T03:47:04.478,2015/10/22T03:47:04.493,0.015,,,--,--
192.168.1.11,192.168.1.1,57625,53,17,2,128,,2015/10/22T03:47:04.528,0.017,2015/10/22T03:47:04.545,S0,0,0,0.0.0.0,,,S,53,all,int2int,2015/10/22T03:47:04.528,2015/10/22T03:47:04.545,0.017,,,--,--
192.168.1.1,192.168.1.11,53,57625,17,2,276,,2015/10/22T03:47:04.528,0.017,2015/10/22T03:47:04.545,S0,0,0,0.0.0.0,,,,53,all,int2int,2015/10/22T03:47:04.528,2015/10/22T03:47:04.545,0.017,,,--,--
192.168.1.11,192.168.1.6,22,59710,6,4812,1337135,PA,2015/10/22T03:37:15.390,731.548,2015/10/22T03:49:26.938,S0,0,0,0.0.0.0,PA,PA,,0,all,int2int,2015/10/22T03:37:15.390,2015/10/22T03:49:26.938,731.548,,,--,--
192.168.1.6,192.168.1.11,59710,22,6,5730,1039995,PA,2015/10/22T03:37:15.390,731.548,2015/10/22T03:49:26.938,S0,0,0,0.0.0.0,PA,PA,,0,all,int2int,2015/10/22T03:37:15.390,2015/10/22T03:49:26.938,731.548,,,--,--
192.168.1.5,192.168.1.255,137,137,17,3,234,,2015/10/22T03:50:00.562,1.535,2015/10/22T03:50:02.097,S0,0,0,0.0.0.0,,,S,137,all,int2int,2015/10/22T03:50:00.562,2015/10/22T03:50:02.097,1.535,,,--,--
192.168.1.6,192.168.1.11,60065,1800,6,7,866,FSPA,2015/10/22T03:55:59.180,5.015,2015/10/22T03:56:04.195,S0,0,0,0.0.0.0,S,FPA,,80,all,int2int,2015/10/22T03:55:59.180,2015/10/22T03:56:04.195,5.015,,,--,--
192.168.1.11,192.168.1.6,1800,60065,6,6,1474,FSPA,2015/10/22T03:55:59.180,5.015,2015/10/22T03:56:04.195,S0,0,0,0.0.0.0,SA,FPA,,80,all,int2int,2015/10/22T03:55:59.180,2015/10/22T03:56:04.195,5.015,,,--,--
192.168.1.6,192.168.1.11,59908,1800,6,259,33156,FSPA,2015/10/22T03:48:02.624,522.374,2015/10/22T03:56:44.998,S0,0,0,0.0.0.0,S,FPA,,80,all,int2int,2015/10/22T03:48:02.624,2015/10/22T03:56:44.998,522.374,,,--,--
192.168.1.11,192.168.1.6,1800,59908,6,212,39647,FSPA,2015/10/22T03:48:02.624,522.374,2015/10/22T03:56:44.998,S0,0,0,0.0.0.0,SA,FPA,,80,all,int2int,2015/10/22T03:48:02.624,2015/10/22T03:56:44.998,522.374,,,--,--
192.168.1.6,192.168.1.11,60081,1800,6,26,2173,FSPA,2015/10/22T03:56:44.997,115.850,2015/10/22T03:58:40.847,S0,0,0,0.0.0.0,S,FPA,,80,all,int2int,2015/10/22T03:56:44.997,2015/10/22T03:58:40.847,115.850,,,--,--
192.168.1.11,192.168.1.6,1800,60081,6,18,15745,FSPA,2015/10/22T03:56:44.997,115.850,2015/10/22T03:58:40.847,S0,0,0,0.0.0.0,SA,FPA,,80,all,int2int,2015/10/22T03:56:44.997,2015/10/22T03:58:40.847,115.850,,,--,--
192.168.1.3,192.168.1.255,57621,57621,17,31,2232,,2015/10/22T03:37:22.468,1021.476,2015/10/22T03:54:23.944,S0,0,0,0.0.0.0,,,S,0,all,int2int,2015/10/22T03:37:22.468,2015/10/22T03:54:23.944,1021.476,,,--,--
192.168.1.3,192.168.1.255,137,137,17,55,4290,,2015/10/22T03:38:00.562,985.635,2015/10/22T03:54:26.197,S0,0,0,0.0.0.0,,,S,137,all,int2int,2015/10/22T03:38:00.562,2015/10/22T03:54:26.197,985.635,,,--,--
192.168.1.6,192.168.1.11,60082,1800,6,626,62903,SPA,2015/10/22T03:56:45.260,1770.576,2015/10/22T04:26:15.836,S0,0,0,0.0.0.0,S,PA,T,80,all,int2int,2015/10/22T03:56:45.260,2015/10/22T04:26:15.836,1770.576,,,--,--
192.168.1.11,192.168.1.6,1800,60082,6,537,118727,SPA,2015/10/22T03:56:45.260,1770.576,2015/10/22T04:26:15.836,S0,0,0,0.0.0.0,SA,PA,T,80,all,int2int,2015/10/22T03:56:45.260,2015/10/22T04:26:15.836,1770.576,,,--,--
0.0.0.0,255.255.255.255,68,67,17,1,328,,2015/10/22T03:37:59.543,0.000,2015/10/22T03:37:59.543,S0,0,0,0.0.0.0,,,,67,all,ext2ext,2015/10/22T03:37:59.543,2015/10/22T03:37:59.543,0.000,,,--,--
0.0.0.0,255.255.255.255,68,67,17,1,328,,2015/10/22T03:57:45.579,0.000,2015/10/22T03:57:45.579,S0,0,0,0.0.0.0,,,,67,all,ext2ext,2015/10/22T03:57:45.579,2015/10/22T03:57:45.579,0.000,,,--,--
